VoxCeleb1 ID	VGGFace1 ID	Gender	Nationality	Set
id10001	A.J._Buckley	m	Ireland	dev
id10002	A.R._Rahman	m	India	dev
id10003	Aamir_Khan	m	India	dev
id10004	Aaron_Tveit	m	USA	dev
id10005	Aaron_Yoo	m	USA	dev
id10006	Abbie_Cornish	f	Australia	dev
id10007	Abigail_Breslin	f	USA	dev
id10008	Abigail_Spencer	f	USA	dev
id10009	Adam_Beach	m	Canada	dev
id10010	Adam_Brody	m	USA	dev
id10011	Adam_Copeland	m	Canada	dev
id10012	Adam_Driver	m	USA	dev
id10013	Adrianne_Curry	f	USA	dev
id10014	Adrianne_Palicki	f	USA	dev
id10015	Agyness_Deyn	f	UK	dev
id10016	Aidan_Turner	m	Ireland	dev
id10017	Ajay_Devgn	m	India	dev
id10018	Akshay_Kumar	m	India	dev
id10019	Alain_Delon	m	Norway	dev
id10020	Alan_Alda	m	USA	dev
id10021	Alan_Cumming	m	UK	dev
id10022	Alan_Rickman	m	UK	dev
id10023	Alan_Tudyk	m	USA	dev
id10024	Alba_Rohrwacher	f	Italy	dev
id10025	Aldis_Hodge	m	USA	dev
id10026	Alex_Borstein	f	USA	dev
id10027	Alex_Kingston	f	UK	dev
id10028	Alex_Pettyfer	m	UK	dev
id10029	Alex_Trebek	m	USA	dev
id10030	Alexa_Davalos	f	Norway	dev
id10031	Alexander_Siddig	m	Sudan	dev
id10032	Alexandra_Daddario	f	USA	dev
id10033	Alexandra_Roach	f	UK	dev
id10034	Alexz_Johnson	f	Canada	dev
id10035	Alfre_Woodard	f	USA	dev
id10036	Alice_Eve	f	UK	dev
id10037	Alicja_Bachleda	f	Mexico	dev
id10038	Alison_Arngrim	f	USA	dev
id10039	Alison_Pill	f	Canada	dev
id10040	Allison_Williams	f	USA	dev
id10041	Amanda_Seyfried	f	USA	dev
id10042	Amaury_Nolasco	m	USA	dev
id10043	Amber_Riley	f	USA	dev
id10044	America_Ferrera	f	USA	dev
id10045	Amitabh_Bachchan	m	India	dev
id10046	Amy_Poehler	f	USA	dev
id10047	Amy_Schumer	f	USA	dev
id10048	Ana_Gasteyer	f	USA	dev
id10049	Andre_Braugher	m	USA	dev
id10050	Andrea_Riseborough	f	UK	dev
id10051	Andrew_Dice_Clay	m	USA	dev
id10052	Andrew_Garfield	m	USA	dev
id10053	Andrew_Lee_Potts	m	UK	dev
id10054	Andrew_Rannells	m	USA	dev
id10055	Andrew_Scott	m	Ireland	dev
id10056	Andy_Richter	m	USA	dev
id10057	Andy_Samberg	m	USA	dev
id10058	Aneurin_Barnard	m	UK	dev
id10059	Ang_Lee	m	USA	dev
id10060	Angela_Kinsey	f	USA	dev
id10061	Anne_Hathaway	f	USA	dev
id10062	Ansel_Elgort	m	USA	dev
id10063	Anthony_Anderson	m	USA	dev
id10064	Anthony_Mackie	m	USA	dev
id10065	Anthony_Rapp	m	USA	dev
id10066	Anton_Yelchin	m	USA	dev
id10067	Antonio_Cupo	m	Canada	dev
id10068	Arden_Cho	f	USA	dev
id10069	Armand_Assante	m	USA	dev
id10070	Armie_Hammer	m	USA	dev
id10071	Asa_Butterfield	m	UK	dev
id10072	Ashley_Greene	f	USA	dev
id10073	Ashley_Jensen	f	UK	dev
id10074	Audra_McDonald	f	USA	dev
id10075	Audrina_Patridge	f	USA	dev
id10076	Avan_Jogia	m	Canada	dev
id10077	B.J._Novak	m	USA	dev
id10078	Barbara_Eden	f	USA	dev
id10079	Barbara_Hershey	f	USA	dev
id10080	Bear_Grylls	m	UK	dev
id10081	Bellamy_Young	f	USA	dev
id10082	Ben_Feldman	m	USA	dev
id10083	Ben_McKenzie	m	USA	dev
id10084	Ben_Stiller	m	USA	dev
id10085	Ben_Whishaw	m	UK	dev
id10086	Beth_Grant	f	USA	dev
id10087	Bethany_Mota	f	USA	dev
id10088	Betty_White	f	USA	dev
id10089	Bill_Nighy	m	UK	dev
id10090	Bill_Pullman	m	USA	dev
id10091	Billie_Joe_Armstrong	m	USA	dev
id10092	Bingbing_Li	f	China	dev
id10093	Blair_Underwood	m	USA	dev
id10094	Blake_Michael	m	USA	dev
id10095	Blake_Shelton	m	USA	dev
id10096	Bob_Barker	m	USA	dev
id10097	Bobby_Cannavale	m	USA	dev
id10098	Bonnie_Wright	f	UK	dev
id10099	Booboo_Stewart	m	USA	dev
id10100	Brad_Paisley	m	USA	dev
id10101	Bradley_Steven_Perry	m	USA	dev
id10102	Breckin_Meyer	m	USA	dev
id10103	Brenda_Blethyn	f	UK	dev
id10104	Brendan_Gleeson	m	Ireland	dev
id10105	Brett_Davern	m	USA	dev
id10106	Brian_Blessed	m	UK	dev
id10107	Brian_Cox	m	UK	dev
id10108	Brian_Dennehy	m	USA	dev
id10109	Bridget_Moynahan	f	USA	dev
id10110	Bridget_Regan	f	USA	dev
id10111	Brit_Marling	f	USA	dev
id10112	Brooke_Burke-Charvet	f	USA	dev
id10113	Bruce_Boxleitner	m	USA	dev
id10114	Bruno_Ganz	m	Switzerland	dev
id10115	Bruno_Mars	m	USA	dev
id10116	Burt_Reynolds	m	USA	dev
id10117	CCH_Pounder	f	Guyana	dev
id10118	Caitriona_Balfe	f	Ireland	dev
id10119	Caity_Lotz	f	USA	dev
id10120	Callan_McAuliffe	m	Australia	dev
id10121	Callie_Thorne	f	USA	dev
id10122	Cameron_Boyce	m	USA	dev
id10123	Candace_Cameron_Bure	f	USA	dev
id10124	Candice_Accola	f	USA	dev
id10125	Candice_Patton	f	USA	dev
id10126	Caroline_Rhea	f	Canada	dev
id10127	Carolyn_Hennesy	f	USA	dev
id10128	Carrie_Ann_Inaba	f	USA	dev
id10129	Carrie_Fisher	f	USA	dev
id10130	Carrie_Underwood	f	USA	dev
id10131	Casey_Affleck	m	USA	dev
id10132	Casey_Wilson	f	USA	dev
id10133	Cassandra_Peterson	f	USA	dev
id10134	Caterina_Murino	f	Italy	dev
id10135	Caterina_Scorsone	f	Canada	dev
id10136	Catherine_Hardwicke	f	USA	dev
id10137	Cedric_the_Entertainer	m	USA	dev
id10138	Celia_Imrie	f	UK	dev
id10139	Chace_Crawford	m	USA	dev
id10140	Chadwick_Boseman	m	USA	dev
id10141	Charice	f	Philippines	dev
id10142	Charles_Dance	m	UK	dev
id10143	Charles_S._Dutton	m	USA	dev
id10144	Charlie_Day	m	USA	dev
id10145	Charlotte_Gainsbourg	f	UK	dev
id10146	Chazz_Palminteri	m	USA	dev
id10147	Chelsea_Handler	f	USA	dev
id10148	Cher	f	USA	dev
id10149	Cheryl_Ladd	f	USA	dev
id10150	Chi_McBride	m	USA	dev
id10151	Chiwetel_Ejiofor	m	UK	dev
id10152	Chloe_Bennet	f	USA	dev
id10153	Chloe_Dykstra	f	USA	dev
id10154	Chris_Colfer	m	USA	dev
id10155	Chris_Hemsworth	m	Australia	dev
id10156	Chris_Lowell	m	USA	dev
id10157	Chris_Martin	m	UK	dev
id10158	Chris_Messina	m	USA	dev
id10159	Chris_Pine	m	USA	dev
id10160	Christian_Kane	m	USA	dev
id10161	Christina_Hendricks	f	USA	dev
id10162	Christina_Ricci	f	USA	dev
id10163	Christopher_Mintz-Plasse	m	USA	dev
id10164	Cierra_Ramirez	f	USA	dev
id10165	Cilla_Black	f	UK	dev
id10166	Cillian_Murphy	m	Ireland	dev
id10167	Cindy_Williams	f	USA	dev
id10168	Claudia_Black	f	Australia	dev
id10169	Claudia_Lee	f	USA	dev
id10170	Cliff_Curtis	m	New Zealand	dev
id10171	Clive_Owen	m	UK	dev
id10172	Colin_Donnell	m	USA	dev
id10173	Constance_Zimmer	f	USA	dev
id10174	Corbin_Bleu	m	USA	dev
id10175	Corey_Stoll	m	USA	dev
id10176	Cory_Monteith	m	Canada	dev
id10177	Costas_Mandylor	m	Australia	dev
id10178	Cote_de_Pablo	f	USA	dev
id10179	Cristin_Milioti	f	USA	dev
id10180	Cyndi_Lauper	f	USA	dev
id10181	Dakota_Fanning	f	USA	dev
id10182	Damian_Lewis	m	UK	dev
id10183	Damon_Lindelof	m	USA	dev
id10184	Damon_Wayans	m	USA	dev
id10185	Dan_Aykroyd	m	Canada	dev
id10186	Dan_Fogler	m	USA	dev
id10187	Dan_Stevens	m	UK	dev
id10188	Dana_Delany	f	USA	dev
id10189	Dane_Cook	m	USA	dev
id10190	Danica_McKellar	f	USA	dev
id10191	Daniel_Auteuil	m	Norway	dev
id10192	Daniel_Craig	m	UK	dev
id10193	Daniel_Dae_Kim	m	USA	dev
id10194	Daniel_Tosh	m	USA	dev
id10195	Danielle_Campbell	f	USA	dev
id10196	Danielle_Panabaker	f	USA	dev
id10197	Danny_Dyer	m	UK	dev
id10198	Danny_McBride	m	USA	dev
id10199	Danny_Pino	m	USA	dev
id10200	Darren_Criss	m	USA	dev
id10201	Dave_Bautista	m	USA	dev
id10202	Dave_Foley	m	Canada	dev
id10203	David_Attenborough	m	UK	dev
id10204	David_Cassidy	m	USA	dev
id10205	David_Faustino	m	USA	dev
id10206	David_Giuntoli	m	USA	dev
id10207	David_Harewood	m	UK	dev
id10208	David_Henrie	m	USA	dev
id10209	David_Jason	m	UK	dev
id10210	David_Koechner	m	USA	dev
id10211	David_Kross	m	Germany	dev
id10212	David_Letterman	m	USA	dev
id10213	David_Lyons	m	Australia	dev
id10214	David_Mamet	m	USA	dev
id10215	David_Mazouz	m	Mexico	dev
id10216	David_Morrissey	m	UK	dev
id10217	David_Morse	m	USA	dev
id10218	David_Oyelowo	m	UK	dev
id10219	David_Schwimmer	m	USA	dev
id10220	David_Suchet	m	UK	dev
id10221	David_Tennant	m	UK	dev
id10222	David_Warner	m	Australia	dev
id10223	David_Wenham	m	Australia	dev
id10224	David_Zayas	m	USA	dev
id10225	Dawn_French	f	UK	dev
id10226	Dawn_Wells	f	USA	dev
id10227	Dean_Cain	m	USA	dev
id10228	Debi_Mazar	f	USA	dev
id10229	Debra_Jo_Rupp	f	USA	dev
id10230	Deidre_Hall	f	USA	dev
id10231	Della_Reese	f	USA	dev
id10232	Demian_Bichir	m	Mexico	dev
id10233	Denis_Leary	m	USA	dev
id10234	Denise_Crosby	f	USA	dev
id10235	Derek_Jacobi	m	UK	dev
id10236	Derek_Mears	m	USA	dev
id10237	Derek_Theler	m	USA	dev
id10238	Dermot_Mulroney	m	USA	dev
id10239	Diablo_Cody	f	USA	dev
id10240	Diane_Keaton	f	USA	dev
id10241	Diane_Kruger	f	Germany	dev
id10242	Dick_Van_Dyke	m	USA	dev
id10243	Diego_Klattenhoff	m	Canada	dev
id10244	Diego_Luna	m	Mexico	dev
id10245	Diogo_Morgado	m	Portugal	dev
id10246	Domhnall_Gleeson	m	Ireland	dev
id10247	Dominic_Cooper	m	UK	dev
id10248	Don_Rickles	m	USA	dev
id10249	Donal_Logue	m	Canada	dev
id10250	Donald_Glover	m	USA	dev
id10251	Donald_Sutherland	m	Canada	dev
id10252	Donna_Mills	f	USA	dev
id10253	Donna_Murphy	f	USA	dev
id10254	Donnie_Yen	m	China	dev
id10255	Dot-Marie_Jones	f	USA	dev
id10256	Douglas_Booth	m	UK	dev
id10257	Dougray_Scott	m	UK	dev
id10258	Doutzen_Kroes	f	Netherlands	dev
id10259	Dove_Cameron	f	USA	dev
id10260	Dr._Dre	m	USA	dev
id10261	Drake_Bell	m	USA	dev
id10262	Drea_de_Matteo	f	USA	dev
id10263	Dreama_Walker	f	USA	dev
id10264	Drew_Carey	m	USA	dev
id10265	Drew_Roy	m	USA	dev
id10266	Dustin_Milligan	m	Canada	dev
id10267	Dyan_Cannon	f	USA	dev
id10268	Dylan_McDermott	m	USA	dev
id10269	Dylan_Moran	m	Ireland	dev
id10270	Eartha_Kitt	f	USA	test
id10271	Ed_Westwick	m	UK	test
id10272	Eddie_Griffin	m	USA	test
id10273	Eddie_Izzard	m	UK	test
id10274	Eddie_Kaye_Thomas	m	USA	test
id10275	Eddie_McClintock	m	USA	test
id10276	Edgar_Wright	m	UK	test
id10277	Eduardo_Noriega	m	Spain	test
id10278	Edward_Asner	m	USA	test
id10279	Efren_Ramirez	m	USA	test
id10280	Elaine_Cassidy	f	Ireland	test
id10281	Elaine_Hendrix	f	USA	test
id10282	Eleanor_Tomlinson	f	UK	test
id10283	Eli_Roth	m	USA	test
id10284	Eli_Wallach	m	USA	test
id10285	Elisabeth_Moss	f	USA	test
id10286	Elle_Fanning	f	USA	test
id10287	Ellen_Burstyn	f	USA	test
id10288	Ellen_Wong	f	Canada	test
id10289	Elodie_Yung	f	France	test
id10290	Emile_Hirsch	m	USA	test
id10291	Emily_Atack	f	UK	test
id10292	Emraan_Hashmi	m	India	test
id10293	Eoin_Macken	m	Ireland	test
id10294	Eric_Braeden	m	USA	test
id10295	Eric_Dane	m	USA	test
id10296	Eric_McCormack	m	USA	test
id10297	Eric_Roberts	m	USA	test
id10298	Erik_Estrada	m	USA	test
id10299	Erin_Andrews	f	USA	test
id10300	Ernest_Borgnine	m	USA	test
id10301	Ernie_Hudson	m	USA	test
id10302	Esai_Morales	m	USA	test
id10303	Estelle_Harris	f	USA	test
id10304	Eugene_Levy	m	Canada	test
id10305	Eugenio_Derbez	m	Mexico	test
id10306	Eva_Green	f	Norway	test
id10307	Eva_Longoria	f	USA	test
id10308	Evanna_Lynch	f	Ireland	test
id10309	Ezra_Miller	m	USA	test
id10310	Fanny_Ardant	f	Norway	dev
id10311	Farrah_Abraham	f	USA	dev
id10312	Fawad_Khan	m	Pakistan	dev
id10313	Felicia_Day	f	USA	dev
id10314	Felicity_Jones	f	UK	dev
id10315	Fergie	f	USA	dev
id10316	Finola_Hughes	f	UK	dev
id10317	Fiona_Shaw	f	Ireland	dev
id10318	Florence_Henderson	f	USA	dev
id10319	Forest_Whitaker	m	USA	dev
id10320	Francia_Raisa	f	USA	dev
id10321	Fred_Williamson	m	USA	dev
id10322	Freddie_Highmore	m	UK	dev
id10323	Freema_Agyeman	f	UK	dev
id10324	Freida_Pinto	f	India	dev
id10325	Garrett_Hedlund	m	USA	dev
id10326	Garry_Marshall	m	USA	dev
id10327	Gary_Busey	m	USA	dev
id10328	Gaspard_Ulliel	m	Norway	dev
id10329	Gates_McFadden	f	USA	dev
id10330	Geena_Davis	f	USA	dev
id10331	Gemma_Arterton	f	UK	dev
id10332	Gemma_Atkinson	f	UK	dev
id10333	Geri_Halliwell	f	UK	dev
id10334	Gilles_Marini	m	Norway	dev
id10335	Gillian_Jacobs	f	USA	dev
id10336	Gina_Carano	f	USA	dev
id10337	Ginger_Rogers	f	USA	dev
id10338	Ginnifer_Goodwin	f	USA	dev
id10339	Giovanni_Ribisi	m	USA	dev
id10340	Giuliana_Rancic	f	Italy	dev
id10341	Glen_Hansard	m	Ireland	dev
id10342	Glenn_Close	f	USA	dev
id10343	Gloria_Steinem	f	USA	dev
id10344	Golshifteh_Farahani	f	Norway	dev
id10345	Goran_Visnjic	m	Croatia	dev
id10346	Gordon_Ramsay	m	UK	dev
id10347	Grant_Bowler	m	Australia	dev
id10348	Greer_Garson	f	UK	dev
id10349	Greg_Finley	m	USA	dev
id10350	Greg_Grunberg	m	USA	dev
id10351	Gregg_Sulkin	m	UK	dev
id10352	Greta_Gerwig	f	USA	dev
id10353	Gugu_Mbatha-Raw	f	UK	dev
id10354	Guillaume_Canet	m	Norway	dev
id10355	Guy_Pearce	m	Australia	dev
id10356	Gwendoline_Christie	f	UK	dev
id10357	Hailee_Steinfeld	f	USA	dev
id10358	Hal_Sparks	m	USA	dev
id10359	Hannah_Simone	f	UK	dev
id10360	Hannah_Spearritt	f	UK	dev
id10361	Hans_Zimmer	m	Germany	dev
id10362	Harry_Connick_Jr.	m	USA	dev
id10363	Harry_Shum_Jr.	m	USA	dev
id10364	Harry_Treadaway	m	UK	dev
id10365	Harvey_Keitel	m	USA	dev
id10366	Hayley_Marie_Norman	f	USA	dev
id10367	Heather_Graham	f	USA	dev
id10368	Hector_Elizondo	m	USA	dev
id10369	Heidi_Montag	f	USA	dev
id10370	Heike_Makatsch	f	Germany	dev
id10371	Helena_Bonham_Carter	f	UK	dev
id10372	Henry_Cavill	m	UK	dev
id10373	Hilarie_Burton	f	USA	dev
id10374	Hilary_Swank	f	USA	dev
id10375	Hill_Harper	m	USA	dev
id10376	Holliday_Grainger	f	UK	dev
id10377	Hope_Solo	f	USA	dev
id10378	Howie_Mandel	m	Canada	dev
id10379	Hugh_Bonneville	m	UK	dev
id10380	Hugh_Dancy	m	UK	dev
id10381	Hugh_Jackman	m	Australia	dev
id10382	Hugh_Laurie	m	UK	dev
id10383	Hunter_Parrish	m	USA	dev
id10384	Hye-kyo_Song	f	South Korea	dev
id10385	Iain_Glen	m	UK	dev
id10386	Ian_Somerhalder	m	USA	dev
id10387	Idina_Menzel	f	USA	dev
id10388	Imelda_Staunton	f	UK	dev
id10389	India_de_Beaufort	f	UK	dev
id10390	Indira_Varma	f	UK	dev
id10391	Ingrid_Bergman	f	Sweden	dev
id10392	Irina_Shayk	f	Russia	dev
id10393	Irrfan_Khan	m	India	dev
id10394	Isla_Fisher	f	Australia	dev
id10395	Iwan_Rheon	m	UK	dev
id10396	Izabella_Scorupco	f	Poland	dev
id10397	J.J._Abrams	m	USA	dev
id10398	J.K._Simmons	m	USA	dev
id10399	Jack_Black	m	USA	dev
id10400	Jack_Coleman	m	USA	dev
id10401	Jack_Davenport	m	UK	dev
id10402	Jack_Griffo	m	USA	dev
id10403	Jack_Lemmon	m	USA	dev
id10404	Jack_Reynor	m	USA	dev
id10405	Jack_Whitehall	m	UK	dev
id10406	Jacob_Latimore	m	USA	dev
id10407	Jacqueline_Emerson	f	USA	dev
id10408	Jacqueline_Fernandez	f	Sri Lanka	dev
id10409	Jacqueline_MacInnes_Wood	f	Canada	dev
id10410	Jai_Courtney	m	Australia	dev
id10411	Jaime_Winstone	f	UK	dev
id10412	Jake_Abel	m	USA	dev
id10413	Jake_Johnson	m	USA	dev
id10414	Jake_T._Austin	m	USA	dev
id10415	Jamel_Debbouze	m	Norway	dev
id10416	James_Badge_Dale	m	USA	dev
id10417	James_Cosmo	m	UK	dev
id10418	James_Cromwell	m	USA	dev
id10419	James_Earl_Jones	m	USA	dev
id10420	James_Frain	m	UK	dev
id10421	James_Lafferty	m	USA	dev
id10422	James_Lipton	m	USA	dev
id10423	James_Marsden	m	USA	dev
id10424	James_Maslow	m	USA	dev
id10425	James_Nesbitt	m	Ireland	dev
id10426	James_Purefoy	m	UK	dev
id10427	James_Roday	m	USA	dev
id10428	James_Woods	m	USA	dev
id10429	Jamie-Lynn_Sigler	f	USA	dev
id10430	Jamie_Chung	f	USA	dev
id10431	Jamie_Foxx	m	USA	dev
id10432	Jana_Kramer	f	USA	dev
id10433	Jane_Badler	f	USA	dev
id10434	Janeane_Garofalo	f	USA	dev
id10435	Janel_Parrish	f	USA	dev
id10436	Janet_Jackson	f	USA	dev
id10437	Janet_McTeer	f	UK	dev
id10438	Janet_Montgomery	f	UK	dev
id10439	Janice_Dickinson	f	USA	dev
id10440	Janina_Gavankar	f	USA	dev
id10441	Janine_Turner	f	USA	dev
id10442	January_Jones	f	USA	dev
id10443	Jared_Harris	m	UK	dev
id10444	Jared_Leto	m	USA	dev
id10445	Jasika_Nicole	f	USA	dev
id10446	Jasmine_Guy	f	USA	dev
id10447	Jason_Bateman	m	USA	dev
id10448	Jason_Clarke	m	Australia	dev
id10449	Jason_David_Frank	m	USA	dev
id10450	Jason_Dohring	m	USA	dev
id10451	Jason_Earles	m	USA	dev
id10452	Jason_Mantzoukas	m	USA	dev
id10453	Jason_Segel	m	USA	dev
id10454	Jay_Baruchel	m	Canada	dev
id10455	Jean-Marc_Barr	m	USA	dev
id10456	Jean-Paul_Belmondo	m	Norway	dev
id10457	Jean_Reno	m	Norway	dev
id10458	Jean_Smart	f	USA	dev
id10459	Jeanine_Mason	f	USA	dev
id10460	Jeannie_Mai	f	USA	dev
id10461	Jeff_Daniels	m	USA	dev
id10462	Jeff_Garlin	m	USA	dev
id10463	Jeff_Goldblum	m	USA	dev
id10464	Jeffrey_Donovan	m	USA	dev
id10465	Jeffrey_Tambor	m	USA	dev
id10466	Jeffrey_Wright	m	USA	dev
id10467	Jemaine_Clement	m	New Zealand	dev
id10468	Jen_Lilley	f	USA	dev
id10469	Jenifer_Lewis	f	USA	dev
id10470	Jenna_Coleman	f	UK	dev
id10471	Jenna_Fischer	f	USA	dev
id10472	Jennette_McCurdy	f	USA	dev
id10473	Jennifer_Beals	f	USA	dev
id10474	Jennifer_Carpenter	f	USA	dev
id10475	Jennifer_Coolidge	f	USA	dev
id10476	Jennifer_Ehle	f	USA	dev
id10477	Jennifer_Esposito	f	USA	dev
id10478	Jennifer_Saunders	f	UK	dev
id10479	Jenny_Slate	f	USA	dev
id10480	Jensen_Ackles	m	USA	dev
id10481	Jeremy_Clarkson	m	UK	dev
id10482	Jeremy_Irons	m	UK	dev
id10483	Jeremy_Irvine	m	UK	dev
id10484	Jeremy_Piven	m	USA	dev
id10485	Jeremy_Renner	m	USA	dev
id10486	Jeremy_Shada	m	USA	dev
id10487	Jeremy_Sisto	m	USA	dev
id10488	Jerry_Ferrara	m	USA	dev
id10489	Jerry_Trainor	m	USA	dev
id10490	Jesse_Eisenberg	m	USA	dev
id10491	Jesse_McCartney	m	USA	dev
id10492	Jesse_Metcalfe	m	USA	dev
id10493	Jesse_Spencer	m	Australia	dev
id10494	Jesse_Williams	m	USA	dev
id10495	Jessica_De_Gouw	f	Australia	dev
id10496	Jessica_Lowndes	f	Canada	dev
id10497	Jessie_J	f	UK	dev
id10498	Jet_Li	m	Singapore	dev
id10499	Jill_Scott	f	USA	dev
id10500	Jillian_Harris	f	Canada	dev
id10501	Jillian_Michaels	f	USA	dev
id10502	Jim_Broadbent	m	UK	dev
id10503	Jim_Caviezel	m	USA	dev
id10504	Jim_Jefferies	m	USA	dev
id10505	Jim_Sturgess	m	UK	dev
id10506	Jimmy_Fallon	m	USA	dev
id10507	Joan_Allen	f	USA	dev
id10508	Joan_Chen	f	USA	dev
id10509	Joan_Cusack	f	USA	dev
id10510	Joan_Rivers	f	USA	dev
id10511	Joanna_Krupa	f	Poland	dev
id10512	Joanna_Lumley	f	UK	dev
id10513	Joanne_Froggatt	f	UK	dev
id10514	Joaquim_de_Almeida	m	USA	dev
id10515	Joe_Flanigan	m	USA	dev
id10516	Joel_Edgerton	m	Australia	dev
id10517	Joel_Kinnaman	m	Sweden	dev
id10518	Joel_McHale	m	USA	dev
id10519	John_Abraham	m	India	dev
id10520	John_Amos	m	USA	dev
id10521	John_Barrowman	m	USA	dev
id10522	John_Carroll_Lynch	m	USA	dev
id10523	John_Cho	m	USA	dev
id10524	John_Cleese	m	UK	dev
id10525	John_Corbett	m	USA	dev
id10526	John_DiMaggio	m	USA	dev
id10527	John_Francis_Daley	m	USA	dev
id10528	John_Gallagher_Jr.	m	USA	dev
id10529	John_Goodman	m	USA	dev
id10530	John_Hawkes	m	USA	dev
id10531	John_Hodgman	m	USA	dev
id10532	John_Hurt	m	UK	dev
id10533	John_Krasinski	m	USA	dev
id10534	John_Larroquette	m	USA	dev
id10535	John_Lasseter	m	USA	dev
id10536	John_Lloyd_Young	m	USA	dev
id10537	John_Mulaney	m	USA	dev
id10538	John_Nettles	m	UK	dev
id10539	John_Noble	m	Australia	dev
id10540	John_Oliver	m	UK	dev
id10541	John_Rhys-Davies	m	UK	dev
id10542	John_Simm	m	UK	dev
id10543	John_Slattery	m	USA	dev
id10544	John_Terry	m	UK	dev
id10545	John_Turturro	m	USA	dev
id10546	Johnathon_Schaech	m	USA	dev
id10547	Johnny_Galecki	m	USA	dev
id10548	Jon_Favreau	m	USA	dev
id10549	Jon_Huertas	m	USA	dev
id10550	Jon_Lovitz	m	USA	dev
id10551	Jon_Pertwee	m	UK	dev
id10552	Jon_Seda	m	USA	dev
id10553	Jonathan_Jackson	m	USA	dev
id10554	Jonathan_Rhys_Meyers	m	Ireland	dev
id10555	Jordan_Gavaris	m	Canada	dev
id10556	Jordana_Brewster	f	USA	dev
id10557	Jordin_Sparks	f	USA	dev
id10558	Jorge_Garcia	m	Chile	dev
id10559	Jorja_Fox	f	USA	dev
id10560	Joseph_Gordon-Levitt	m	USA	dev
id10561	Josh_Brolin	m	USA	dev
id10562	Josh_Duhamel	m	USA	dev
id10563	Josh_Gad	m	USA	dev
id10564	Josh_Groban	m	USA	dev
id10565	Josh_Henderson	m	USA	dev
id10566	Josh_Peck	m	USA	dev
id10567	Josh_Radnor	m	USA	dev
id10568	Joss_Stone	f	UK	dev
id10569	Joss_Whedon	m	USA	dev
id10570	Judith_Light	f	USA	dev
id10571	Judy_Sheindlin	f	USA	dev
id10572	Julia_Louis-Dreyfus	f	USA	dev
id10573	Julia_Roberts	f	USA	dev
id10574	Julia_Stiles	f	USA	dev
id10575	Julian_Sands	m	UK	dev
id10576	Julianne_Hough	f	USA	dev
id10577	Julianne_Nicholson	f	USA	dev
id10578	Julie_Chen	f	USA	dev
id10579	Julie_Gonzalo	f	USA	dev
id10580	Julie_Walters	f	UK	dev
id10581	Justine_Ezarik	f	USA	dev
id10582	Kal_Penn	m	USA	dev
id10583	Kangana_Ranaut	f	India	dev
id10584	Karan_Brar	m	USA	dev
id10585	Karl_Malden	m	USA	dev
id10586	Karla_Souza	f	Mexico	dev
id10587	Karoline_Herfurth	f	Germany	dev
id10588	Kat_Dennings	f	USA	dev
id10589	Kate_Beckinsale	f	UK	dev
id10590	Kate_Flannery	f	USA	dev
id10591	Kate_Mansi	f	USA	dev
id10592	Kate_Mara	f	USA	dev
id10593	Kate_McKinnon	f	USA	dev
id10594	Kate_Mulgrew	f	USA	dev
id10595	Kate_Voegele	f	USA	dev
id10596	Kate_Walsh	f	USA	dev
id10597	Katee_Sackhoff	f	USA	dev
id10598	Katey_Sagal	f	USA	dev
id10599	Katharine_McPhee	f	USA	dev
id10600	Katherine_Heigl	f	USA	dev
id10601	Katherine_Jenkins	f	UK	dev
id10602	Katherine_McNamara	f	USA	dev
id10603	Katheryn_Winnick	f	Canada	dev
id10604	Kathie_Lee_Gifford	f	USA	dev
id10605	Kathleen_Robertson	f	Canada	dev
id10606	Kathryn_Hahn	f	USA	dev
id10607	Kathryn_Joosten	f	USA	dev
id10608	Kathryn_McCormick	f	USA	dev
id10609	Kathryn_Prescott	f	UK	dev
id10610	Kathy_Griffin	f	USA	dev
id10611	Katie_Aselton	f	USA	dev
id10612	Katie_Cleary	f	USA	dev
id10613	Katie_Leclerc	f	USA	dev
id10614	Katie_Stevens	f	USA	dev
id10615	Katy_Perry	f	USA	dev
id10616	Kaya_Scodelario	f	UK	dev
id10617	Kayvan_Novak	m	UK	dev
id10618	Keegan_Allen	m	USA	dev
id10619	Keegan_Connor_Tracy	f	Canada	dev
id10620	Keeley_Hawes	f	UK	dev
id10621	Kel_Mitchell	m	USA	dev
id10622	Kellan_Lutz	m	USA	dev
id10623	Kelli_Berglund	f	USA	dev
id10624	Kelli_Giddish	f	USA	dev
id10625	Kelli_Williams	f	USA	dev
id10626	Kelly_Brook	f	UK	dev
id10627	Kelly_Macdonald	f	UK	dev
id10628	Kelly_Monaco	f	USA	dev
id10629	Kelly_Reilly	f	UK	dev
id10630	Kelly_Rutherford	f	USA	dev
id10631	Ken_Jeong	m	USA	dev
id10632	Ken_Marino	m	USA	dev
id10633	Kenan_Thompson	m	USA	dev
id10634	Kendra_Wilkinson	f	USA	dev
id10635	Kenny_Rogers	m	USA	dev
id10636	Kenton_Duty	m	USA	dev
id10637	Kenya_Moore	f	USA	dev
id10638	Keri_Hilson	f	USA	dev
id10639	Keri_Russell	f	USA	dev
id10640	Kesha	f	USA	dev
id10641	Kevin_Bacon	m	USA	dev
id10642	Kevin_Clash	m	USA	dev
id10643	Kevin_McHale	m	USA	dev
id10644	Kevin_Smith	m	USA	dev
id10645	Kid_Rock	m	USA	dev
id10646	Kiefer_Sutherland	m	Canada	dev
id10647	Kiernan_Shipka	f	USA	dev
id10648	Kierston_Wareing	f	UK	dev
id10649	Kim_Raver	f	USA	dev
id10650	Kim_Zolciak-Biermann	f	USA	dev
id10651	Kimberly_Elise	f	USA	dev
id10652	Kimberly_Williams-Paisley	f	USA	dev
id10653	Kirsten_Vangsness	f	USA	dev
id10654	Kodi_Smit-McPhee	m	Australia	dev
id10655	Kris_Jenner	f	USA	dev
id10656	Kristen_Bell	f	USA	dev
id10657	Kristen_Johnston	f	USA	dev
id10658	Kristen_Schaal	f	USA	dev
id10659	Kristen_Stewart	f	USA	dev
id10660	Kristen_Wiig	f	USA	dev
id10661	Kristian_Alfonso	f	USA	dev
id10662	Kriti_Sanon	f	India	dev
id10663	Kuno_Becker	m	Mexico	dev
id10664	Kyle_MacLachlan	m	USA	dev
id10665	Kyle_Richards	f	USA	dev
id10666	Kylie_Minogue	f	Australia	dev
id10667	Kym_Whitley	f	USA	dev
id10668	La_La_Anthony	f	USA	dev
id10669	Lacey_Turner	f	UK	dev
id10670	Laura_Benanti	f	USA	dev
id10671	Laura_Carmichael	f	UK	dev
id10672	Laura_Dern	f	USA	dev
id10673	Laura_Haddock	f	UK	dev
id10674	Lauryn_Hill	f	USA	dev
id10675	Lavell_Crawford	m	USA	dev
id10676	Laverne_Cox	f	USA	dev
id10677	Laz_Alonso	m	USA	dev
id10678	Lea_Michele	f	USA	dev
id10679	Lea_Salonga	f	Philippines	dev
id10680	Lea_Thompson	f	USA	dev
id10681	Lena_Horne	f	USA	dev
id10682	Leonor_Watling	f	Spain	dev
id10683	Lesley_Manville	f	UK	dev
id10684	Leslie_Bibb	f	USA	dev
id10685	Leslie_Mann	f	USA	dev
id10686	Lily_Cole	f	UK	dev
id10687	Lily_Collins	f	USA	dev
id10688	Lin_Shaye	f	USA	dev
id10689	Linda_Cardellini	f	USA	dev
id10690	Linda_Evans	f	USA	dev
id10691	Linda_Gray	f	USA	dev
id10692	Linda_Lavin	f	USA	dev
id10693	Lindsay_Duncan	f	UK	dev
id10694	Lindsey_Morgan	f	USA	dev
id10695	Lisa_Edelstein	f	USA	dev
id10696	Lisa_Kudrow	f	USA	dev
id10697	Lisa_Ray	f	Canada	dev
id10698	Lisa_Rinna	f	USA	dev
id10699	Lisa_Whelchel	f	USA	dev
id10700	Lizzy_Caplan	f	USA	dev
id10701	Loan_Chabanol	f	Norway	dev
id10702	Lolo_Jones	f	USA	dev
id10703	Lorde	f	New Zealand	dev
id10704	Lorenza_Izzo	f	Chile	dev
id10705	Loretta_Devine	f	USA	dev
id10706	Loretta_Swit	f	USA	dev
id10707	Lotte_Verbeek	f	Netherlands	dev
id10708	Lou_Diamond_Phillips	m	USA	dev
id10709	Lou_Ferrigno	m	USA	dev
id10710	Louis_C.K.	m	USA	dev
id10711	Louis_Theroux	m	UK	dev
id10712	Luc_Besson	m	Norway	dev
id10713	Lucas_Cruikshank	m	USA	dev
id10714	Lucas_Grabeel	m	USA	dev
id10715	Lucie_Arnaz	f	USA	dev
id10716	Lucy_Hale	f	USA	dev
id10717	Lucy_Punch	f	UK	dev
id10718	Ludacris	m	USA	dev
id10719	Luke_Arnold	m	Australia	dev
id10720	Luke_Evans	m	UK	dev
id10721	Luke_Newberry	m	UK	dev
id10722	Maggie_Gyllenhaal	f	USA	dev
id10723	Malin_Akerman	f	Sweden	dev
id10724	Mallika_Sherawat	f	India	dev
id10725	Mamie_Gummer	f	USA	dev
id10726	Mandy_Patinkin	m	USA	dev
id10727	Manish_Dayal	m	USA	dev
id10728	Marc_Blucas	m	USA	dev
id10729	Marc_Forster	m	Switzerland	dev
id10730	Marc_Webb	m	USA	dev
id10731	Marcia_Cross	f	USA	dev
id10732	Marcia_Gay_Harden	f	USA	dev
id10733	Margo_Martindale	f	USA	dev
id10734	Margot_Robbie	f	Australia	dev
id10735	Maria_Bamford	f	USA	dev
id10736	Maria_Canals-Barrera	f	USA	dev
id10737	Maria_Grazia_Cucinotta	f	Italy	dev
id10738	Maria_Menounos	f	USA	dev
id10739	Maria_Sharapova	f	Russia	dev
id10740	Maria_de_Medeiros	f	Portugal	dev
id10741	Marie_Avgeropoulos	f	Canada	dev
id10742	Marie_Osmond	f	USA	dev
id10743	Mariel_Hemingway	f	USA	dev
id10744	Marilu_Henner	f	USA	dev
id10745	Mario_Casas	m	Spain	dev
id10746	Mario_Lopez	m	USA	dev
id10747	Marion_Cotillard	f	Norway	dev
id10748	Marion_Ross	f	USA	dev
id10749	Marisa_Miller	f	USA	dev
id10750	Mark_Feuerstein	m	USA	dev
id10751	Mark_Gatiss	m	UK	dev
id10752	Mark_Hamill	m	USA	dev
id10753	Mark_Harmon	m	USA	dev
id10754	Mark_Ruffalo	m	USA	dev
id10755	Mark_Sheppard	m	UK	dev
id10756	Mark_Strong	m	UK	dev
id10757	Mark_Webber	m	Australia	dev
id10758	Marla_Gibbs	f	USA	dev
id10759	Martin_Clunes	m	UK	dev
id10760	Martin_Henderson	m	New Zealand	dev
id10761	Martin_Kove	m	USA	dev
id10762	Martin_Shaw	m	UK	dev
id10763	Martine_McCutcheon	f	UK	dev
id10764	Mary-Louise_Parker	f	USA	dev
id10765	Mary_Elizabeth_Winstead	f	USA	dev
id10766	Mary_Lynn_Rajskub	f	USA	dev
id10767	Mary_McDonnell	f	USA	dev
id10768	Mathieu_Amalric	m	Norway	dev
id10769	Mathieu_Kassovitz	m	Norway	dev
id10770	Mathilda_May	f	Norway	dev
id10771	Matt_Bomer	m	USA	dev
id10772	Matt_Dallas	m	USA	dev
id10773	Matt_Lanter	m	USA	dev
id10774	Matt_Smith	m	UK	dev
id10775	Matthew_Fox	m	USA	dev
id10776	Matthew_Goode	m	UK	dev
id10777	Matthew_Lillard	m	USA	dev
id10778	Matthew_Macfadyen	m	UK	dev
id10779	Matthew_Modine	m	USA	dev
id10780	Matthew_Morrison	m	USA	dev
id10781	Max_Adler	m	USA	dev
id10782	Max_Irons	m	UK	dev
id10783	Max_Schneider	m	USA	dev
id10784	Max_Thieriot	m	USA	dev
id10785	Maya_Rudolph	f	USA	dev
id10786	Meat_Loaf	m	USA	dev
id10787	Megan_Fox	f	USA	dev
id10788	Meghan_Trainor	f	USA	dev
id10789	Melissa_George	f	Australia	dev
id10790	Melissa_Leo	f	USA	dev
id10791	Melissa_McCarthy	f	USA	dev
id10792	Melissa_Peterman	f	USA	dev
id10793	Melissa_Rauch	f	USA	dev
id10794	Melissa_Rycroft	f	USA	dev
id10795	Melody_Thomas_Scott	f	USA	dev
id10796	Melora_Hardin	f	USA	dev
id10797	Mena_Suvari	f	USA	dev
id10798	Meredith_Baxter	f	USA	dev
id10799	Mia_Wasikowska	f	Australia	dev
id10800	Michael_Bay	m	USA	dev
id10801	Michael_C._Hall	m	USA	dev
id10802	Michael_Cera	m	Canada	dev
id10803	Michael_Copon	m	USA	dev
id10804	Michael_Crichton	m	USA	dev
id10805	Michael_Cudlitz	m	USA	dev
id10806	Michael_Jai_White	m	USA	dev
id10807	Michael_K._Williams	m	USA	dev
id10808	Michael_Kelly	m	USA	dev
id10809	Michael_Madsen	m	USA	dev
id10810	Michael_Mando	m	Canada	dev
id10811	Michael_Muhney	m	USA	dev
id10812	Michael_Shannon	m	USA	dev
id10813	Michael_Socha	m	UK	dev
id10814	Michael_Trevino	m	USA	dev
id10815	Michael_Weatherly	m	USA	dev
id10816	Michaela_Conlin	f	USA	dev
id10817	Michelle_Dockery	f	UK	dev
id10818	Michelle_Keegan	f	UK	dev
id10819	Michelle_Krusiec	f	USA	dev
id10820	Michelle_Monaghan	f	USA	dev
id10821	Michelle_Stafford	f	USA	dev
id10822	Michelle_Williams	f	USA	dev
id10823	Mila_Kunis	f	USA	dev
id10824	Miles_Teller	m	USA	dev
id10825	Miley_Cyrus	f	USA	dev
id10826	Milla_Jovovich	f	Russia	dev
id10827	Mindy_Kaling	f	USA	dev
id10828	Mira_Furlan	f	Croatia	dev
id10829	Miranda_Cosgrove	f	USA	dev
id10830	Miranda_Hart	f	UK	dev
id10831	Miranda_Kerr	f	Australia	dev
id10832	Miranda_Lambert	f	USA	dev
id10833	Miranda_Richardson	f	UK	dev
id10834	Miriam_Margolyes	f	UK	dev
id10835	Mischa_Barton	f	USA	dev
id10836	Misha_Collins	m	USA	dev
id10837	Missi_Pyle	f	USA	dev
id10838	Mitchel_Musso	m	USA	dev
id10839	Molly_Ringwald	f	USA	dev
id10840	Molly_Shannon	f	USA	dev
id10841	Monica_Raymund	f	USA	dev
id10842	Moon_Bloodgood	f	USA	dev
id10843	Moran_Atias	f	Israel	dev
id10844	Morena_Baccarin	f	Brazil	dev
id10845	Moritz_Bleibtreu	m	Germany	dev
id10846	MyAnna_Buring	f	Sweden	dev
id10847	Mya	f	USA	dev
id10848	Nadia_Bjorlin	f	USA	dev
id10849	Nana_Visitor	f	USA	dev
id10850	Nancy_Cartwright	f	USA	dev
id10851	Naomie_Harris	f	UK	dev
id10852	Naseeruddin_Shah	m	India	dev
id10853	Natalia_Tena	f	UK	dev
id10854	Natalie_Dormer	f	UK	dev
id10855	Natalie_Martinez	f	USA	dev
id10856	Natalie_Portman	f	USA	dev
id10857	Natalie_Zea	f	USA	dev
id10858	Natascha_McElhone	f	UK	dev
id10859	Nate_Parker	m	USA	dev
id10860	Nathalie_Emmanuel	f	UK	dev
id10861	Nathan_Fillion	m	Canada	dev
id10862	Nathaniel_Buzolic	m	Australia	dev
id10863	Naturi_Naughton	f	USA	dev
id10864	Nazanin_Boniadi	f	USA	dev
id10865	NeNe_Leakes	f	USA	dev
id10866	Neal_McDonough	m	USA	dev
id10867	Neil_Gaiman	m	UK	dev
id10868	Neil_deGrasse_Tyson	m	USA	dev
id10869	Nelly	m	USA	dev
id10870	Nelly_Furtado	f	Canada	dev
id10871	Neve_Campbell	f	Canada	dev
id10872	Niall_Horan	m	Ireland	dev
id10873	Nichelle_Nichols	f	USA	dev
id10874	Nick_Kroll	m	USA	dev
id10875	Nick_Thune	m	USA	dev
id10876	Nicki_Minaj	f	Trinidad and Tobago	dev
id10877	Nicola_Peltz	f	USA	dev
id10878	Nicole_Beharie	f	USA	dev
id10879	Nicole_Richie	f	USA	dev
id10880	Nicole_Scherzinger	f	USA	dev
id10881	Nikolaj_Coster-Waldau	m	Denmark	dev
id10882	Nina_Arianda	f	USA	dev
id10883	Nina_Hoss	f	Germany	dev
id10884	Noah_Emmerich	m	USA	dev
id10885	Noel_Clarke	m	UK	dev
id10886	Noel_Fielding	m	UK	dev
id10887	Noomi_Rapace	f	Sweden	dev
id10888	Norman_Reedus	m	USA	dev
id10889	Octavia_Spencer	f	USA	dev
id10890	Odette_Annable	f	USA	dev
id10891	Odeya_Rush	f	USA	dev
id10892	Olga_Kurylenko	f	Russia	dev
id10893	Oliver_Platt	m	Canada	dev
id10894	Olivia_Colman	f	UK	dev
id10895	Olivia_Cooke	f	UK	dev
id10896	Olivia_Holt	f	USA	dev
id10897	Olivia_Munn	f	USA	dev
id10898	Olivia_Thirlby	f	USA	dev
id10899	Olivia_Wilde	f	USA	dev
id10900	Olivia_Williams	f	UK	dev
id10901	Om_Puri	m	India	dev
id10902	Omari_Hardwick	m	USA	dev
id10903	Oona_Chaplin	f	Spain	dev
id10904	Oscar_Isaac	m	USA	dev
id10905	Pablo_Schreiber	m	USA	dev
id10906	Paddy_Considine	m	UK	dev
id10907	Padma_Lakshmi	f	USA	dev
id10908	Paget_Brewster	f	USA	dev
id10909	Paloma_Faith	f	UK	dev
id10910	Pamela_Adlon	f	USA	dev
id10911	Paolo_Sorrentino	m	Italy	dev
id10912	Parineeti_Chopra	f	India	dev
id10913	Pat_Monahan	m	USA	dev
id10914	Patrick_Dempsey	m	USA	dev
id10915	Patrick_Duffy	m	USA	dev
id10916	Patrick_Fugit	m	USA	dev
id10917	Patrick_Swayze	m	USA	dev
id10918	Patrick_Wilson	m	USA	dev
id10919	Patton_Oswalt	m	USA	dev
id10920	Paul_Dano	m	USA	dev
id10921	Paul_Feig	m	USA	dev
id10922	Paul_Giamatti	m	USA	dev
id10923	Paul_Gross	m	Canada	dev
id10924	Paul_McGann	m	UK	dev
id10925	Paul_Reubens	m	USA	dev
id10926	Paul_Scheer	m	USA	dev
id10927	Paul_Sorvino	m	USA	dev
id10928	Paul_Wesley	m	USA	dev
id10929	Penn_Jillette	m	USA	dev
id10930	Pete_Wentz	m	USA	dev
id10931	Peter_Berg	m	USA	dev
id10932	Peter_Capaldi	m	UK	dev
id10933	Peter_Coyote	m	USA	dev
id10934	Peter_Facinelli	m	USA	dev
id10935	Peter_Jackson	m	New Zealand	dev
id10936	Peter_Jacobson	m	USA	dev
id10937	Philip_Glenister	m	UK	dev
id10938	Phyllis_Diller	f	USA	dev
id10939	Pierfrancesco_Favino	m	Italy	dev
id10940	Pierre_Niney	m	Norway	dev
id10941	Pooja_Kumar	f	India	dev
id10942	Poppy_Montgomery	f	Australia	dev
id10943	Preity_Zinta	f	India	dev
id10944	Prince	m	USA	dev
id10945	Quentin_Tarantino	m	USA	dev
id10946	RZA	m	USA	dev
id10947	Rachel_Dratch	f	USA	dev
id10948	Rachel_McAdams	f	Canada	dev
id10949	Rade_Serbedzija	m	Croatia	dev
id10950	Raini_Rodriguez	f	USA	dev
id10951	Rainn_Wilson	m	USA	dev
id10952	Ralf_Little	m	UK	dev
id10953	Ralph_Macchio	m	USA	dev
id10954	Rami_Malek	m	USA	dev
id10955	Ranbir_Kapoor	m	India	dev
id10956	Randeep_Hooda	m	India	dev
id10957	Randolph_Mantooth	m	USA	dev
id10958	Raoul_Bova	m	Italy	dev
id10959	Ray_Winstone	m	UK	dev
id10960	Reba_McEntire	f	USA	dev
id10961	Rebecca_Mader	f	UK	dev
id10962	Rebel_Wilson	f	Australia	dev
id10963	Reece_Ritchie	m	UK	dev
id10964	Reggie_Lee	m	Philippines	dev
id10965	Regina_Hall	f	USA	dev
id10966	Reid_Scott	m	Canada	dev
id10967	Rene_Auberjonois	m	Switzerland	dev
id10968	Retta	f	USA	dev
id10969	Rhys_Darby	m	New Zealand	dev
id10970	Rhys_Ifans	m	UK	dev
id10971	Richard_Ayoade	m	UK	dev
id10972	Richard_Dean_Anderson	m	USA	dev
id10973	Richard_E._Grant	m	UK	dev
id10974	Richard_Hammond	m	UK	dev
id10975	Richard_Kind	m	USA	dev
id10976	Richard_Madden	m	UK	dev
id10977	Ricky_Gervais	m	UK	dev
id10978	Rico_Rodriguez	m	USA	dev
id10979	Rik_Mayall	m	UK	dev
id10980	Riley_Smith	m	USA	dev
id10981	Rita_Ora	f	UK	dev
id10982	Riz_Ahmed	m	UK	dev
id10983	Rob_Brydon	m	UK	dev
id10984	Rob_Corddry	m	USA	dev
id10985	Rob_Dyrdek	m	USA	dev
id10986	Rob_Reiner	m	USA	dev
id10987	Rob_Riggle	m	USA	dev
id10988	Robbie_Amell	m	Canada	dev
id10989	Robbie_Kay	m	UK	dev
id10990	Robert_Carlyle	m	UK	dev
id10991	Robert_Davi	m	USA	dev
id10992	Robert_Pattinson	m	UK	dev
id10993	Robert_Picardo	m	USA	dev
id10994	Robert_Sheehan	m	Ireland	dev
id10995	Robert_Vaughn	m	USA	dev
id10996	Roger_Ebert	m	USA	dev
id10997	Roma_Downey	f	UK	dev
id10998	Romeo_Miller	m	USA	dev
id10999	Ron_Jeremy	m	USA	dev
id11000	Ron_Livingston	m	USA	dev
id11001	Ron_Perlman	m	USA	dev
id11002	Ronda_Rousey	f	USA	dev
id11003	Rooney_Mara	f	USA	dev
id11004	Rory_Kennedy	f	USA	dev
id11005	Rose_McIver	f	New Zealand	dev
id11006	Roshon_Fegan	m	USA	dev
id11007	Rosie_Huntington-Whiteley	f	UK	dev
id11008	Rowan_Atkinson	m	UK	dev
id11009	Ruby_Dee	f	USA	dev
id11010	Rue_McClanahan	f	USA	dev
id11011	Russell_Peters	m	Canada	dev
id11012	Russell_Tovey	m	UK	dev
id11013	Ruta_Lee	f	Canada	dev
id11014	Rutger_Hauer	m	Netherlands	dev
id11015	Ruth_Jones	f	UK	dev
id11016	Ruth_Wilson	f	UK	dev
id11017	Ryan_Kwanten	m	Australia	dev
id11018	Ryan_McPartlin	m	USA	dev
id11019	Ryan_Ochoa	m	USA	dev
id11020	Ryan_Phillippe	m	USA	dev
id11021	Ryan_Potter	m	USA	dev
id11022	S._Epatha_Merkerson	f	USA	dev
id11023	Sally_Hawkins	f	UK	dev
id11024	Sam_Heughan	m	UK	dev
id11025	Sam_Neill	m	New Zealand	dev
id11026	Sam_Palladio	m	UK	dev
id11027	Sam_Raimi	m	USA	dev
id11028	Sam_Riley	m	UK	dev
id11029	Sam_Trammell	m	USA	dev
id11030	Sam_Waterston	m	USA	dev
id11031	Sam_Worthington	m	Australia	dev
id11032	Samantha_Barks	f	UK	dev
id11033	Samira_Wiley	f	USA	dev
id11034	Sammi_Hanratty	f	USA	dev
id11035	Sammy_Davis_Jr.	m	USA	dev
id11036	Samuel_L._Jackson	m	USA	dev
id11037	Sanaa_Lathan	f	USA	dev
id11038	Sandra_Bernhard	f	USA	dev
id11039	Sandra_Oh	f	Canada	dev
id11040	Santiago_Cabrera	m	Chile	dev
id11041	Sara_Gilbert	f	USA	dev
id11042	Sara_Ramirez	f	USA	dev
id11043	Sarah_Bolger	f	Ireland	dev
id11044	Sarah_Drew	f	USA	dev
id11045	Sarah_Gadon	f	Canada	dev
id11046	Sarah_Hyland	f	USA	dev
id11047	Sarah_Palin	f	USA	dev
id11048	Sarah_Paulson	f	USA	dev
id11049	Sarah_Wayne_Callies	f	USA	dev
id11050	Sasha_Pieterse	f	USA	dev
id11051	Scott_Bakula	m	USA	dev
id11052	Scott_Porter	m	USA	dev
id11053	Scott_Speedman	m	Canada	dev
id11054	Sean_Bean	m	UK	dev
id11055	Sean_Connery	m	UK	dev
id11056	Sean_Kanan	m	USA	dev
id11057	Sean_Maher	m	USA	dev
id11058	Sean_Patrick_Flanery	m	USA	dev
id11059	Sean_Pertwee	m	UK	dev
id11060	Seann_William_Scott	m	USA	dev
id11061	Sebastian_De_Souza	m	UK	dev
id11062	Sela_Ward	f	USA	dev
id11063	Selma_Blair	f	USA	dev
id11064	Sendhil_Ramamurthy	m	USA	dev
id11065	Senta_Berger	f	Austria	dev
id11066	Serinda_Swan	f	Canada	dev
id11067	Seth_Green	m	USA	dev
id11068	Seth_MacFarlane	m	USA	dev
id11069	Seth_Meyers	m	USA	dev
id11070	Seth_Rogen	m	Canada	dev
id11071	Shahid_Kapoor	m	India	dev
id11072	Shailene_Woodley	f	USA	dev
id11073	Shane_West	m	USA	dev
id11074	Shannen_Doherty	f	USA	dev
id11075	Sharlto_Copley	m	South Africa	dev
id11076	Sharni_Vinson	f	Australia	dev
id11077	Sharon_Gless	f	USA	dev
id11078	Shay_Mitchell	f	Canada	dev
id11079	Shemar_Moore	m	USA	dev
id11080	Sheridan_Smith	f	UK	dev
id11081	Sherri_Saum	f	USA	dev
id11082	Sherri_Shepherd	f	USA	dev
id11083	Sheryl_Lee_Ralph	f	USA	dev
id11084	Shiloh_Fernandez	m	USA	dev
id11085	Shiri_Appleby	f	USA	dev
id11086	Shirley_Manson	f	UK	dev
id11087	Shohreh_Aghdashloo	f	Iran	dev
id11088	Shonda_Rhimes	f	USA	dev
id11089	Shraddha_Kapoor	f	India	dev
id11090	Sidharth_Malhotra	m	India	dev
id11091	Sidse_Babett_Knudsen	f	Denmark	dev
id11092	Sienna_Guillory	f	UK	dev
id11093	Silas_Weir_Mitchell	m	USA	dev
id11094	Simon_Baker	m	Australia	dev
id11095	Simon_Callow	m	UK	dev
id11096	Simon_Pegg	m	UK	dev
id11097	Skylar_Astin	m	USA	dev
id11098	Smokey_Robinson	m	USA	dev
id11099	Sofia_Coppola	f	USA	dev
id11100	Sonam_Kapoor	f	India	dev
id11101	Sonja_Sohn	f	USA	dev
id11102	Sophie_Okonedo	f	UK	dev
id11103	Spencer_Boldman	m	USA	dev
id11104	Stacy_Keach	m	USA	dev
id11105	Stan_Lee	m	USA	dev
id11106	Stana_Katic	f	USA	dev
id11107	Stanley_Tucci	m	USA	dev
id11108	Stefanie_Powers	f	USA	dev
id11109	Stephen_Baldwin	m	USA	dev
id11110	Stephen_Colbert	m	USA	dev
id11111	Stephen_Fry	m	UK	dev
id11112	Stephen_Lang	m	USA	dev
id11113	Stephen_Mangan	m	UK	dev
id11114	Stephen_Merchant	m	UK	dev
id11115	Sterling_Knight	m	USA	dev
id11116	Steve_Burton	m	USA	dev
id11117	Steve_Carell	m	USA	dev
id11118	Steve_Harvey	m	USA	dev
id11119	Steve_Jobs	m	USA	dev
id11120	Steve_Martin	m	USA	dev
id11121	Steven_Bauer	m	USA	dev
id11122	Steven_Berkoff	m	UK	dev
id11123	Steven_Moffat	m	UK	dev
id11124	Steven_R._McQueen	m	USA	dev
id11125	Steven_Soderbergh	m	USA	dev
id11126	Steven_Yeun	m	USA	dev
id11127	Stevie_Wonder	m	USA	dev
id11128	Sung_Kang	m	USA	dev
id11129	Sunny_Leone	f	Canada	dev
id11130	Suraj_Sharma	m	India	dev
id11131	Susan_Lucci	f	USA	dev
id11132	Susanne_Bier	f	Denmark	dev
id11133	Suzanne_Pleshette	f	USA	dev
id11134	Sydney_Pollack	m	USA	dev
id11135	T.J._Miller	m	USA	dev
id11136	Tabu	f	India	dev
id11137	Tahj_Mowry	m	USA	dev
id11138	Tahmoh_Penikett	m	Canada	dev
id11139	Tamala_Jones	f	USA	dev
id11140	Tamara_Taylor	f	Canada	dev
id11141	Tamara_Tunie	f	USA	dev
id11142	Tamer_Hassan	m	UK	dev
id11143	Tamera_Mowry-Housley	f	USA	dev
id11144	Tamsin_Greig	f	UK	dev
id11145	Tanya_Tate	f	UK	dev
id11146	Taraji_P._Henson	f	USA	dev
id11147	Taryn_Manning	f	USA	dev
id11148	Tatiana_Maslany	f	Canada	dev
id11149	Tatyana_Ali	f	USA	dev
id11150	Tavi_Gevinson	f	USA	dev
id11151	Taylor_Kitsch	m	Canada	dev
id11152	Taylor_Lautner	m	USA	dev
id11153	Taylor_Momsen	f	USA	dev
id11154	Taylor_Swift	f	USA	dev
id11155	Teala_Dunn	f	USA	dev
id11156	Ted_Danson	m	USA	dev
id11157	Terence_Stamp	m	UK	dev
id11158	Teri_Hatcher	f	USA	dev
id11159	Terrence_Howard	m	USA	dev
id11160	Thandie_Newton	f	UK	dev
id11161	Theo_James	m	UK	dev
id11162	Theo_Rossi	m	USA	dev
id11163	Thomas_Dekker	m	USA	dev
id11164	Thomas_Gibson	m	USA	dev
id11165	Thomas_Haden_Church	m	USA	dev
id11166	Thomas_Ian_Nicholas	m	USA	dev
id11167	Thomas_Jane	m	USA	dev
id11168	Thomas_Lennon	m	USA	dev
id11169	Tilda_Swinton	f	UK	dev
id11170	Tim_Burton	m	USA	dev
id11171	Tim_Daly	m	USA	dev
id11172	Tim_Gunn	m	USA	dev
id11173	Tim_Minchin	m	Australia	dev
id11174	Timothy_Spall	m	UK	dev
id11175	Tinsel_Korey	f	Canada	dev
id11176	Titus_Welliver	m	USA	dev
id11177	Toby_Jones	m	UK	dev
id11178	Toby_Stephens	m	UK	dev
id11179	Todd_Lasance	m	Australia	dev
id11180	Tom_Arnold	m	USA	dev
id11181	Tom_Bergeron	m	USA	dev
id11182	Tom_Ford	m	USA	dev
id11183	Tom_Hiddleston	m	UK	dev
id11184	Tom_Hooper	m	UK	dev
id11185	Tom_Kenny	m	USA	dev
id11186	Tom_Mison	m	UK	dev
id11187	Tom_Selleck	m	USA	dev
id11188	Tony_Curran	m	UK	dev
id11189	Tracey_Gold	f	USA	dev
id11190	Tracy_Morgan	m	USA	dev
id11191	Tristan_Wilds	m	USA	dev
id11192	Troye_Sivan	m	Australia	dev
id11193	Tupac_Shakur	m	USA	dev
id11194	Ty_Pennington	m	USA	dev
id11195	Tye_Sheridan	m	USA	dev
id11196	Tyler_Blackburn	m	USA	dev
id11197	Tyler_Hoechlin	m	USA	dev
id11198	Tyler_James_Williams	m	USA	dev
id11199	Usher_Raymond	m	USA	dev
id11200	Uzo_Aduba	f	USA	dev
id11201	Vanessa_Hudgens	f	USA	dev
id11202	Vanessa_Lachey	f	USA	dev
id11203	Vanessa_Marcil	f	USA	dev
id11204	Vanilla_Ice	m	USA	dev
id11205	Veronica_Ferres	f	Germany	dev
id11206	Vicky_McClure	f	UK	dev
id11207	Victoria_Justice	f	USA	dev
id11208	Victoria_Rowell	f	USA	dev
id11209	Vidya_Balan	f	India	dev
id11210	Viggo_Mortensen	m	USA	dev
id11211	Vince_Gilligan	m	USA	dev
id11212	Vincent_Cassel	m	Norway	dev
id11213	Vincent_Martella	m	USA	dev
id11214	Vincent_Pastore	m	USA	dev
id11215	Violante_Placido	f	Italy	dev
id11216	Virginia_Madsen	f	USA	dev
id11217	Walter_Matthau	m	USA	dev
id11218	Walton_Goggins	m	USA	dev
id11219	Wanda_Sykes	f	USA	dev
id11220	Wendell_Pierce	m	USA	dev
id11221	Wendi_McLendon-Covey	f	USA	dev
id11222	Wendy_Williams	f	USA	dev
id11223	Wentworth_Miller	m	USA	dev
id11224	Wes_Bentley	m	USA	dev
id11225	Wesley_Snipes	m	USA	dev
id11226	Whitney_Cummings	f	USA	dev
id11227	Will_Arnett	m	Canada	dev
id11228	Will_Forte	m	USA	dev
id11229	Will_Mellor	m	UK	dev
id11230	Will_Poulter	m	UK	dev
id11231	Will_Yun_Lee	m	USA	dev
id11232	Willem_Dafoe	m	USA	dev
id11233	William_Baldwin	m	USA	dev
id11234	William_Fichtner	m	USA	dev
id11235	William_Levy	m	USA	dev
id11236	Wilson_Cruz	m	USA	dev
id11237	Wim_Wenders	m	Germany	dev
id11238	Witney_Carson	f	USA	dev
id11239	Woody_Harrelson	m	USA	dev
id11240	Xavier_Samuel	m	Australia	dev
id11241	Yeardley_Smith	f	USA	dev
id11242	Yvette_Nicole_Brown	f	USA	dev
id11243	Zac_Efron	m	USA	dev
id11244	Zach_Braff	m	USA	dev
id11245	Zach_Galifianakis	m	USA	dev
id11246	Zachary_Gordon	m	USA	dev
id11247	Zachary_Levi	m	USA	dev
id11248	Zachary_Quinto	m	USA	dev
id11249	Zack_Snyder	m	USA	dev
id11250	Zoe_Saldana	f	USA	dev
id11251	Zulay_Henao	f	USA	dev
